Distance Metric,Experiment Type,M,Ef Construct,Limit,Ef Search,Avg Latency,Throughput (QPS),Recall,Indexing Time
l2-squared,hnsw,8,64,1,128,0.008926282000541687,112.02872595099679,0.9099,1384.1959102153778
l2-squared,hnsw,8,64,1,256,0.011318622946739196,88.3499701956316,0.9779,1370.6601853370667
l2-squared,hnsw,8,64,1,512,0.012703232288360596,78.72012235155735,0.9862,1328.1154568195343
l2-squared,hnsw,8,64,10,128,0.009938942623138427,100.61432467392886,0.88715,1327.6434268951416
l2-squared,hnsw,8,64,10,256,0.011358170628547668,88.04234702079543,0.88848,1333.7460885047913
l2-squared,hnsw,8,64,10,512,0.013394489192962647,74.65756891463928,0.91299,1372.267251253128
l2-squared,hnsw,8,64,100,128,0.011929100942611695,83.82861414374663,0.806748,1332.4043695926666
l2-squared,hnsw,8,64,100,256,0.013062409901618957,76.55555196411802,0.848621,1367.5032529830933
l2-squared,hnsw,8,64,100,512,0.015580131721496582,64.18430972700037,0.899471,1329.7704212665558
l2-squared,hnsw,8,128,1,128,0.008279632377624512,120.77830927644489,0.9634,1745.103773355484
l2-squared,hnsw,8,128,1,256,0.009675219559669495,103.35682759783903,0.9844,1536.989491701126
l2-squared,hnsw,8,128,1,512,0.012760094714164734,78.3693242409807,0.9888,1542.2082476615906
l2-squared,hnsw,8,128,10,128,0.009634136605262756,103.79757325152922,0.95157,1556.6689639091492
l2-squared,hnsw,8,128,10,256,0.011633816909790038,85.95631233963158,0.98236,1532.6197154521942
l2-squared,hnsw,8,128,10,512,0.012983249521255492,77.02232005653535,0.99328,1577.7960588932037
l2-squared,hnsw,8,128,100,128,0.01127041368484497,88.72788772116446,0.863614,1579.0678470134735
l2-squared,hnsw,8,128,100,256,0.012741907525062561,78.48118486443732,0.941116,1574.6255249977112
l2-squared,hnsw,8,128,100,512,0.015425716590881348,64.8268100939397,0.979025,1577.562822341919
l2-squared,hnsw,8,512,1,128,0.00803393304347992,124.47203562538621,0.9686,3376.947324991226
l2-squared,hnsw,8,512,1,256,0.00914071123600006,109.40067727569918,0.9838,3374.403905391693
l2-squared,hnsw,8,512,1,512,0.011673153972625732,85.66665036245233,0.9921,3421.17373418808
l2-squared,hnsw,8,512,10,128,0.008705704641342163,114.86720962840171,0.95638,3394.5544333457947
l2-squared,hnsw,8,512,10,256,0.009723731064796447,102.84118239554927,0.9848,3370.813014268875
l2-squared,hnsw,8,512,10,512,0.012209869909286498,81.90095450889504,0.99496,3404.017364025116
l2-squared,hnsw,8,512,100,128,0.010925006651878356,91.53312504647931,0.868741,3408.9958033561707
l2-squared,hnsw,8,512,100,256,0.0123609121799469,80.90017835595495,0.946098,3393.0914261341095
l2-squared,hnsw,8,512,100,512,0.014779692149162292,67.6604079372979,0.98224,3402.541982650757
l2-squared,hnsw,16,64,1,128,0.009966274094581604,100.3384003399699,0.9762,1320.6769587993622
l2-squared,hnsw,16,64,1,256,0.011758208894729614,85.04696667263926,0.989,1348.8307781219482
l2-squared,hnsw,16,64,1,512,0.014092281365394593,70.96083125728872,0.9912,1322.0366792678833
l2-squared,hnsw,16,64,10,128,0.009904297471046448,100.96627276425534,0.97786,1328.9704284667969
l2-squared,hnsw,16,64,10,256,0.011567196917533875,86.45136822078067,0.99161,1330.2813746929169
l2-squared,hnsw,16,64,10,512,0.014296013784408569,69.94956881551232,0.98954,1346.5700821876526
l2-squared,hnsw,16,64,100,128,0.012198627042770386,81.97643853638907,0.908043,1326.7069754600525
l2-squared,hnsw,16,64,100,256,0.013220101928710938,75.64238198710378,0.926887,1258.3881361484528
l2-squared,hnsw,16,64,100,512,0.016268465495109557,61.468612408503354,0.988592,1239.9566938877106
l2-squared,hnsw,16,128,1,128,0.009940046453475952,100.60315157282874,0.9881,1652.9429564476013
l2-squared,hnsw,16,128,1,256,0.01159072527885437,86.275877992239,0.9922,1668.5164113044739
l2-squared,hnsw,16,128,1,512,0.014228694844245911,70.28051489939715,0.9932,1691.2779304981232
l2-squared,hnsw,16,128,10,128,0.010286251735687256,97.21714242425031,0.98766,1687.4782719612122
l2-squared,hnsw,16,128,10,256,0.011598544144630431,86.21771728678137,0.99649,1673.7369453907013
l2-squared,hnsw,16,128,10,512,0.019645561408996582,50.902083131208215,0.99885,1656.9740669727325
l2-squared,hnsw,16,128,100,128,0.012973066473007203,77.08277777506805,0.943513,1666.9620974063873
l2-squared,hnsw,16,128,100,256,0.014460637545585632,69.1532442361276,0.983667,1667.1107277870178
l2-squared,hnsw,16,128,100,512,0.01730082836151123,57.800700585220405,0.996303,1669.037565946579
l2-squared,hnsw,16,512,1,128,0.009697594738006592,103.11835326349768,0.9891,3841.17924952507
l2-squared,hnsw,16,512,1,256,0.011289461064338684,88.57818759469527,0.9928,3844.1114032268524
l2-squared,hnsw,16,512,1,512,0.014701950120925903,68.01818750402765,0.9925,3805.6641657352448
l2-squared,hnsw,16,512,10,128,0.010120690870285035,98.80748387800887,0.99023,3777.9737746715546
l2-squared,hnsw,16,512,10,256,0.012461557698249817,80.24678970434383,0.99787,3801.0477180480957
l2-squared,hnsw,16,512,10,512,0.015044524264335632,66.4693666898187,0.99913,3819.394212961197
l2-squared,hnsw,16,512,100,128,0.012431998705863952,80.43758881090599,0.951016,3806.359724998474
l2-squared,hnsw,16,512,100,256,0.013753316855430603,72.70973326010025,0.987424,3834.6439962387085
l2-squared,hnsw,16,512,100,512,0.017309300065040587,57.77241114559505,0.997642,3853.782833814621
l2-squared,hnsw,64,64,1,128,0.010583605432510376,94.48575973252295,0.9856,1289.342978477478
l2-squared,hnsw,64,64,1,256,0.012063531279563904,82.89446736827709,0.9909,1303.7059276103973
l2-squared,hnsw,64,64,1,512,0.01513773443698883,66.06008343999711,0.9309,1290.872905254364
l2-squared,hnsw,64,64,10,128,0.017885158896446228,55.91227932555296,0.98412,1285.9127292633057
l2-squared,hnsw,64,64,10,256,0.013113994097709655,76.25441894736318,0.99497,1286.5738308429718
l2-squared,hnsw,64,64,10,512,0.015426613473892212,64.82304114849227,0.9985,1304.46409201622
l2-squared,hnsw,64,64,100,128,0.012856062507629395,77.78431377465323,0.936196,1296.804693698883
l2-squared,hnsw,64,64,100,256,0.014762722182273865,67.73818457416589,0.980636,1285.0949676036835
l2-squared,hnsw,64,64,100,512,0.018184414052963258,54.99214861075186,0.984922,1263.7314059734344
l2-squared,hnsw,64,128,1,128,0.01088349220752716,91.88227279736438,0.989,1727.1000037193298
l2-squared,hnsw,64,128,1,256,0.012629956126213074,79.17683877971133,0.9918,1742.5108621120453
l2-squared,hnsw,64,128,1,512,0.01568491532802582,63.755524278361854,0.9916,1731.6808807849884
l2-squared,hnsw,64,128,10,128,0.010887509036064148,91.84837382798642,0.99326,1734.1700329780579
l2-squared,hnsw,64,128,10,256,0.01294908549785614,77.22553072690428,0.99801,1738.939684867859
l2-squared,hnsw,64,128,10,512,0.039075803756713864,25.591284218387536,0.99913,1708.0136110782623
l2-squared,hnsw,64,128,100,128,0.01325104718208313,75.46573385929149,0.968327,1759.8678660392761
l2-squared,hnsw,64,128,100,256,0.014955945491790771,66.86304122657401,0.992151,1750.4464240074158
l2-squared,hnsw,64,128,100,512,0.018939747714996336,52.79901374864715,0.998379,1728.7462811470032
l2-squared,hnsw,64,512,1,128,0.015227653765678405,65.66999850324277,0.9923,4376.405547380447
l2-squared,hnsw,64,512,1,256,0.017020097279548646,58.75407076560017,0.9926,4366.751558303833
l2-squared,hnsw,64,512,1,512,0.02235108218193054,44.74056297857639,0.9917,4410.149263620377
l2-squared,hnsw,64,512,10,128,0.012304812908172607,81.2690129840024,0.99776,4499.293661117554
l2-squared,hnsw,64,512,10,256,0.046147902464866636,21.669457257809732,0.99924,4453.524226665497
l2-squared,hnsw,64,512,10,512,0.030080148696899414,33.24451651075373,0.99924,4456.1846516132355
l2-squared,hnsw,64,512,100,128,0.030746881437301636,32.52362364095943,0.986746,4403.2434067726135
l2-squared,hnsw,64,512,100,256,0.03681482501029968,27.162970344697552,0.997951,4313.055026054382
l2-squared,hnsw,64,512,100,512,0.03084840052127838,32.41659156072703,0.999669,4295.974152088165
l2-squared,flat,8,64,1,128,0.4931487847328186,2.0277855912020275,0.9928,857.7532112598419
l2-squared,flat,8,64,1,256,0.4962186678886414,2.0152405878942354,0.9928,832.6185705661774
l2-squared,flat,8,64,1,512,0.4987710069656372,2.00492808530247,0.9928,817.0914814472198
l2-squared,flat,8,64,10,128,0.5028607963085174,1.9886219155300295,0.99928,828.1798856258392
l2-squared,flat,8,64,10,256,0.4912317677974701,2.0356989623934294,0.99918,845.4467916488647
l2-squared,flat,8,64,10,512,0.4901376319646835,2.040243259819834,0.9993,815.1975548267365
l2-squared,flat,8,64,100,128,0.496817702627182,2.012810724561504,0.999881,807.8547964096069
l2-squared,flat,8,64,100,256,0.49851585690975186,2.0059542462679048,0.99989,833.4687120914459
l2-squared,flat,8,64,100,512,0.47394092321395875,2.1099676162561596,0.999894,818.3758959770203
l2-squared,flat,8,128,1,128,0.49758406989574433,2.0097106408762717,0.9928,825.2989976406097
l2-squared,flat,8,128,1,256,0.5208246352910996,1.9200320649983837,0.9928,851.8961160182953
l2-squared,flat,8,128,1,512,0.473075466132164,2.1138276482099965,0.9928,828.3965172767639
l2-squared,flat,8,128,10,128,0.49727481195926665,2.0109604909607066,0.99935,828.4809532165527
l2-squared,flat,8,128,10,256,0.5141665338039398,1.944895154108409,0.99917,828.9307744503021
l2-squared,flat,8,128,10,512,0.4923464156150818,2.0310902411073988,0.99928,801.3603639602661
l2-squared,flat,8,128,100,128,0.5257193356752395,1.9021556411190188,0.999875,812.1492803096771
l2-squared,flat,8,128,100,256,0.5294401252508163,1.8887877066859282,0.99988,839.7978329658508
l2-squared,flat,8,128,100,512,0.525924281001091,1.9014143977085658,0.999888,816.9145452976227
l2-squared,flat,8,512,1,128,0.5040475409030915,1.9839398446589402,0.9928,826.6400721073151
l2-squared,flat,8,512,1,256,0.49987754018306735,2.0004899592683754,0.9928,832.9190859794617
l2-squared,flat,8,512,1,512,0.4986180063724518,2.005543296109992,0.9928,808.6019456386566
l2-squared,flat,8,512,10,128,0.5168603355646133,1.9347586401800585,0.99931,815.2771441936493
l2-squared,flat,8,512,10,256,0.5165036814928055,1.9360946220359696,0.99925,821.7389104366302
l2-squared,flat,8,512,10,512,0.49277465574741364,2.029325145554117,0.9993,823.664347410202
l2-squared,flat,8,512,100,128,0.5035414544343948,1.9859338117916319,0.99989,811.2137639522552
l2-squared,flat,8,512,100,256,0.5020752965688705,1.991733126154372,0.999905,825.3160970211029
l2-squared,flat,8,512,100,512,0.5283745018482209,1.8925970055369115,0.999889,832.0588793754578
l2-squared,flat,16,64,1,128,0.5172016363143921,1.9334818952353983,0.9928,830.6614489555359
l2-squared,flat,16,64,1,256,0.5214290055036545,1.917806622656306,0.9928,834.8451535701752
l2-squared,flat,16,64,1,512,0.48922724826335906,2.0440398680771836,0.9928,827.4933383464813
l2-squared,flat,16,64,10,128,0.48545888214111327,2.0599066919725653,0.99928,813.0974414348602
l2-squared,flat,16,64,10,256,0.493778445315361,2.0251997823868777,0.99928,815.2791130542755
l2-squared,flat,16,64,10,512,0.5227621417760849,1.9129158752822057,0.99924,835.947051525116
l2-squared,flat,16,64,100,128,0.5051893499612808,1.9794558220133558,0.999878,809.1152911186218
l2-squared,flat,16,64,100,256,0.5335700524330139,1.874168153628793,0.999892,838.7354531288147
l2-squared,flat,16,64,100,512,0.5131517417192459,1.948741315092558,0.999893,823.7548260688782
l2-squared,flat,16,128,1,128,0.5242430057048798,1.9075123351534908,0.9928,841.9491722583771
l2-squared,flat,16,128,1,256,0.5134637052536011,1.9475573244385354,0.9928,823.0189085006714
l2-squared,flat,16,128,1,512,0.49109950985908507,2.036247196188279,0.9928,835.1696650981903
l2-squared,flat,16,128,10,128,0.49466662123203275,2.021563527996628,0.99924,822.6532776355743
l2-squared,flat,16,128,10,256,0.5198669641733169,1.9235690453810272,0.9993,811.0654644966125
l2-squared,flat,16,128,10,512,0.49221952455043794,2.0316138432609647,0.99927,831.7549753189087
l2-squared,flat,16,128,100,128,0.5026198835372925,1.989575089951259,0.999885,817.7054872512817
l2-squared,flat,16,128,100,256,0.5364882316827774,1.863973785339796,0.99989,831.2577047348022
l2-squared,flat,16,128,100,512,0.5364829383373261,1.8639921767115488,0.999891,820.0292959213257
l2-squared,flat,16,512,1,128,0.5053032534360886,1.9790096208562833,0.9928,851.8394069671631
l2-squared,flat,16,512,1,256,0.4992409394979477,2.0030408583992156,0.9928,817.0816388130188
l2-squared,flat,16,512,1,512,0.47807820420265196,2.091707990887849,0.9928,816.177356004715
l2-squared,flat,16,512,10,128,0.48358245153427126,2.0678996866558763,0.99926,808.1105904579163
l2-squared,flat,16,512,10,256,0.4829766243696213,2.0704935799019157,0.99923,831.0683979988098
l2-squared,flat,16,512,10,512,0.4840154669046402,2.066049678939326,0.9993,806.1849565505981
l2-squared,flat,16,512,100,128,0.517591181063652,1.932026735743441,0.999885,801.7500972747803
l2-squared,flat,16,512,100,256,0.49412542695999145,2.023777659353216,0.999894,796.8263816833496
l2-squared,flat,16,512,100,512,0.4646713721752167,2.1520585512268733,0.999904,825.0251796245575
l2-squared,flat,64,64,1,128,0.49226587047576903,2.031422570558288,0.9928,824.5796318054199
l2-squared,flat,64,64,1,256,0.48810853118896486,2.048724691543781,0.9928,814.9989397525787
l2-squared,flat,64,64,1,512,0.4890817950248718,2.044647766840608,0.9928,816.3259978294373
l2-squared,flat,64,64,10,128,0.48682901241779325,2.054109296061852,0.99919,823.5904891490936
l2-squared,flat,64,64,10,256,0.4885569168567657,2.046844421799842,0.99924,824.2353372573853
l2-squared,flat,64,64,10,512,0.4948246062517166,2.0209180937362303,0.99929,811.5443205833435
l2-squared,flat,64,64,100,128,0.5002868804216385,1.9988531363389073,0.999899,821.2369394302368
l2-squared,flat,64,64,100,256,0.49795421657562255,2.0082167530920656,0.999894,819.5058026313782
l2-squared,flat,64,64,100,512,0.4921538296699524,2.031885032105955,0.999887,816.7506680488586
l2-squared,flat,64,128,1,128,0.4842329381227493,2.065121806618012,0.9928,829.099641084671
l2-squared,flat,64,128,1,256,0.48758842906951905,2.05091003063451,0.9928,797.7632122039795
l2-squared,flat,64,128,1,512,0.4866302587985992,2.0549482526401386,0.9928,811.5463449954987
l2-squared,flat,64,128,10,128,0.48904817056655886,2.0447883463943994,0.99928,820.777765750885
l2-squared,flat,64,128,10,256,0.48797156884670256,2.0492997212182917,0.99927,825.8421692848206
l2-squared,flat,64,128,10,512,0.4900421571969986,2.040640759807113,0.9993,834.0700359344482
l2-squared,flat,64,128,100,128,0.49290996074676513,2.0287680907989496,0.999887,815.5651443004608
l2-squared,flat,64,128,100,256,0.4536220465183258,2.204478392695583,0.999899,823.6528894901276
l2-squared,flat,64,128,100,512,0.46301634936332703,2.159750949129669,0.999905,801.5286889076233
l2-squared,flat,64,512,1,128,0.4807886714696884,2.0799158951544587,0.9928,792.5293114185333
l2-squared,flat,64,512,1,256,0.4609677837371826,2.169348998519477,0.9928,791.2613935470581
l2-squared,flat,64,512,1,512,0.4554405349731445,2.195676324811462,0.9928,786.3782992362976
l2-squared,flat,64,512,10,128,0.45980154192447664,2.1748513408949206,0.99929,782.5842156410217
l2-squared,flat,64,512,10,256,0.4793508472204208,2.08615465227324,0.99925,799.8539788722992
l2-squared,flat,64,512,10,512,0.48007030987739563,2.0830282136285168,0.99922,799.5289418697357
l2-squared,flat,64,512,100,128,0.4632175251483917,2.158812967362688,0.999896,786.4723558425903
l2-squared,flat,64,512,100,256,0.46603676829338075,2.1457534427208054,0.999882,789.0910415649414
l2-squared,flat,64,512,100,512,0.4633938210964203,2.157991657363782,0.999901,794.9215412139893
dot,hnsw,8,64,1,128,0.008666035866737365,115.39301421983212,0.8157,1180.942762851715
dot,hnsw,8,64,1,256,0.009701606106758118,103.07571643249896,0.8502,1175.4882929325104
dot,hnsw,8,64,1,512,0.01194226016998291,83.73624303660026,0.9344,1194.616456270218
dot,hnsw,8,64,10,128,0.009066874313354492,110.29159172606063,0.93833,1184.7793262004852
dot,hnsw,8,64,10,256,0.009988408184051514,100.11605268562207,0.97464,1187.1402549743652
dot,hnsw,8,64,10,512,0.012506701445579528,79.95713372956929,0.94145,1182.0269706249237
dot,hnsw,8,64,100,128,0.011221654224395751,89.11342124818025,0.776771,1186.1030147075653
dot,hnsw,8,64,100,256,0.012950794577598571,77.21533949196707,0.7339,1177.5475471019745
dot,hnsw,8,64,100,512,0.01473131926059723,67.8825828366073,0.922365,1190.7546820640564
dot,hnsw,8,128,1,128,0.008811092138290405,113.49330869601229,0.9618,1518.6960279941559
dot,hnsw,8,128,1,256,0.010114029932022095,98.87255690571902,0.9815,1514.5666394233704
dot,hnsw,8,128,1,512,0.01228839123249054,81.37761738542287,0.9893,1500.9237744808197
dot,hnsw,8,128,10,128,0.00962396559715271,103.9072708547352,0.95106,1507.5779166221619
dot,hnsw,8,128,10,256,0.010810017132759094,92.5067914064226,0.98067,1508.3072545528412
dot,hnsw,8,128,10,512,0.01283646035194397,77.90309575868076,0.99311,1502.9262149333954
dot,hnsw,8,128,100,128,0.010831973171234131,92.3192833098631,0.86261,1504.8928167819977
dot,hnsw,8,128,100,256,0.014646370124816895,68.27630269329288,0.940984,1523.3530802726746
dot,hnsw,8,128,100,512,0.015113413095474244,66.16639098546528,0.978541,1490.012184381485
dot,hnsw,8,512,1,128,0.00856151020526886,116.80182304572709,0.9668,3041.5619065761566
dot,hnsw,8,512,1,256,0.009376314568519593,106.65171189514474,0.9835,3194.175942182541
dot,hnsw,8,512,1,512,0.012284814381599425,81.40131132122198,0.9911,3208.04704618454
dot,hnsw,8,512,10,128,0.00991777446269989,100.82907246589802,0.95499,3183.3100662231445
dot,hnsw,8,512,10,256,0.010727458643913269,93.21872338956975,0.98457,3192.4055788517
dot,hnsw,8,512,10,512,0.012996999025344848,76.94083826966103,0.9948,3186.450245141983
dot,hnsw,8,512,100,128,0.011565846371650696,86.46146316201487,0.868468,3163.205416202545
dot,hnsw,8,512,100,256,0.012600491786003113,79.3619818165209,0.946282,3176.721143245697
dot,hnsw,8,512,100,512,0.015467248344421387,64.65274092276876,0.982038,3144.6513583660126
dot,hnsw,16,64,1,128,0.009826350522041321,101.76718179927704,0.9778,1220.0566318035126
dot,hnsw,16,64,1,256,0.01217988486289978,82.1025823524838,0.99,1227.3349738121033
dot,hnsw,16,64,1,512,0.015427484226226806,64.81938243048045,0.9506,1207.1719288825989
dot,hnsw,16,64,10,128,0.010061194920539855,99.39177283589918,0.95546,1223.7073402404785
dot,hnsw,16,64,10,256,0.012331143498420715,81.0954799226911,0.99213,1217.6407718658447
dot,hnsw,16,64,10,512,0.01504167194366455,66.4819711362734,0.99729,1220.9610266685486
dot,hnsw,16,64,100,128,0.012494723463058471,80.03378409746885,0.849481,1208.699533700943
dot,hnsw,16,64,100,256,0.01361303150653839,73.45902340119437,0.937355,1187.0248928070068
dot,hnsw,16,64,100,512,0.016275064539909363,61.44368875145297,0.991487,1194.835154056549
dot,hnsw,16,128,1,128,0.02153403558731079,46.43811402398085,0.9866,1555.2045364379883
dot,hnsw,16,128,1,256,0.02239480793476105,44.65320724844475,0.9924,1556.3926801681519
dot,hnsw,16,128,1,512,0.015169623136520385,65.92121577447311,0.9934,1558.8168578147888
dot,hnsw,16,128,10,128,0.04696769938468933,21.29122808016402,0.98657,1557.342657327652
dot,hnsw,16,128,10,256,0.012872707271575927,77.68373652122798,0.99639,1565.3925459384918
dot,hnsw,16,128,10,512,0.020381062841415405,49.06515463795866,0.99845,1553.5135052204132
dot,hnsw,16,128,100,128,0.012607698106765748,79.31662001514486,0.942763,1587.4891669750214
dot,hnsw,16,128,100,256,0.09221889650821685,10.843764541369223,0.983334,1550.0130817890167
dot,hnsw,16,128,100,512,0.017686330890655518,56.54083971302069,0.996071,1595.3834691047668
dot,hnsw,16,512,1,128,0.010122338843345641,98.79139747010083,0.9895,3571.578827381134
dot,hnsw,16,512,1,256,0.012482630562782288,80.11131908217808,0.9919,3546.1221239566803
dot,hnsw,16,512,1,512,0.015081381893157959,66.30692114849732,0.9939,3573.5077266693115
dot,hnsw,16,512,10,128,0.010485099148750305,95.37344242654946,0.99024,3576.043769598007
dot,hnsw,16,512,10,256,0.012041170239448548,83.04840643510387,0.99747,3520.001976966858
dot,hnsw,16,512,10,512,0.016149212646484376,61.922523524247254,0.99876,3543.465224504471
dot,hnsw,16,512,100,128,0.012134947061538696,82.40662237163491,0.950937,3509.420320034027
dot,hnsw,16,512,100,256,0.014307601356506348,69.89291741380902,0.987529,3677.47980928421
dot,hnsw,16,512,100,512,0.01658961412906647,60.27867750389154,0.997586,3774.4505140781403
dot,hnsw,64,64,1,128,0.011044979357719422,90.5388745069127,0.9855,1245.1583456993103
dot,hnsw,64,64,1,256,0.012042951083183288,83.03612570480291,0.987,1227.7093069553375
dot,hnsw,64,64,1,512,0.014898816871643067,67.11942354988611,0.992,1213.781063079834
dot,hnsw,64,64,10,128,0.012589057421684265,79.43406456130153,0.98168,1225.8931686878204
dot,hnsw,64,64,10,256,0.012837581849098206,77.89629010780145,0.99444,1229.3816096782684
dot,hnsw,64,64,10,512,0.01493254063129425,66.96784054980515,0.99807,1225.0567803382874
dot,hnsw,64,64,100,128,0.013312058734893798,75.11986086560621,0.927883,1232.2997901439667
dot,hnsw,64,64,100,256,0.016964636039733888,58.94615113804035,0.979726,1230.1724088191986
dot,hnsw,64,64,100,512,0.018619362139701844,53.70753264784039,0.994261,1230.7031440734863
dot,hnsw,64,128,1,128,0.01063233072757721,94.05275528217793,0.9898,1676.6561019420624
dot,hnsw,64,128,1,256,0.012988791537284852,76.98945641936432,0.9914,1672.070612668991
dot,hnsw,64,128,1,512,0.015506620264053344,64.48858506699548,0.9934,1674.1524028778076
dot,hnsw,64,128,10,128,0.033598602986335754,29.76314224751222,0.99285,1675.5137479305267
dot,hnsw,64,128,10,256,0.016652788400650025,60.0500033952852,0.9977,1689.3427076339722
dot,hnsw,64,128,10,512,0.01763589062690735,56.70255169729192,0.99892,1667.6839454174042
dot,hnsw,64,128,100,128,0.01730705771446228,57.7798963000147,0.967201,1675.5979743003845
dot,hnsw,64,128,100,256,0.017488592863082887,57.180129232176554,0.991617,1676.6104431152344
dot,hnsw,64,128,100,512,0.019956362867355346,50.10933137700165,0.998227,1684.683658838272
dot,hnsw,64,512,1,128,0.015230132961273193,65.65930859190628,0.9911,4195.0245497226715
dot,hnsw,64,512,1,256,0.02242379298210144,44.59548840814732,0.9919,4175.125874996185
dot,hnsw,64,512,1,512,0.028492525935173034,35.0969233923039,0.9946,4171.115658044815
dot,hnsw,64,512,10,128,0.06462545759677887,15.473778247565447,0.99742,4081.034342765808
dot,hnsw,64,512,10,256,0.06827708806991577,14.646201650779242,0.99883,4059.8320786952972
dot,hnsw,64,512,10,512,0.028836215829849243,34.67861406991099,0.99901,4167.715923070908
dot,hnsw,64,512,100,128,0.03630605306625366,27.543616437047962,0.986545,4230.93986415863
dot,hnsw,64,512,100,256,0.13309829542636872,7.513244228985711,0.997831,4066.078092813492
dot,hnsw,64,512,100,512,0.09984701316356659,10.015322124476853,0.999587,4036.174982070923
dot,flat,8,64,1,128,0.4781275677204132,2.0914920358341553,0.993,824.0183367729187
dot,flat,8,64,1,256,0.5035597271203994,1.9858617481554541,0.993,822.6240968704224
dot,flat,8,64,1,512,0.48046954264640807,2.081297379417721,0.993,867.0480771064758
dot,flat,8,64,10,128,0.4865252692937851,2.0553916992873735,0.99921,851.4569506645203
dot,flat,8,64,10,256,0.5054227337360382,1.9785417893811232,0.99918,846.0229682922363
dot,flat,8,64,10,512,0.47902695968151093,2.0875651772603083,0.99915,823.1258194446564
dot,flat,8,64,100,128,0.4840560600042343,2.0658764193371577,0.999839,817.8762772083282
dot,flat,8,64,100,256,0.45795273003578185,2.1836314851139016,0.999852,840.2336044311523
dot,flat,8,64,100,512,0.508779059958458,1.965489696218336,0.999851,850.2042007446289
dot,flat,8,128,1,128,0.47855344371795655,2.089630767737964,0.993,830.9605870246887
dot,flat,8,128,1,256,0.4873467555999756,2.051927069400296,0.993,853.8254244327545
dot,flat,8,128,1,512,0.4789315336942673,2.0879811197363423,0.993,847.6769363880157
dot,flat,8,128,10,128,0.45104894168376924,2.217054309598848,0.99918,795.9036300182343
dot,flat,8,128,10,256,0.43041748287677767,2.323325700704136,0.99925,800.2708268165588
dot,flat,8,128,10,512,0.4752047791004181,2.1043559408073307,0.99923,796.1032485961914
dot,flat,8,128,100,128,0.4850629961490631,2.061587892581056,0.999838,807.0490543842316
dot,flat,8,128,100,256,0.47422446389198303,2.108706058293475,0.999845,816.394688129425
dot,flat,8,128,100,512,0.47872790217399597,2.088869262599499,0.999854,804.839033126831
dot,flat,8,512,1,128,0.45433669300079343,2.2010108701439477,0.993,796.494068145752
dot,flat,8,512,1,256,0.45287075786590575,2.2081355058391696,0.993,797.0835771560669
dot,flat,8,512,1,512,0.45086328229904177,2.217967262494299,0.993,810.8423235416412
dot,flat,8,512,10,128,0.4540294338941574,2.2025003784955457,0.99923,784.360925912857
dot,flat,8,512,10,256,0.4530395703315735,2.207312706190573,0.99917,805.7113926410675
dot,flat,8,512,10,512,0.45173462750911714,2.213689053491516,0.99919,796.7970945835114
dot,flat,8,512,100,128,0.455971878862381,2.193117703870099,0.999846,799.8940858840942
dot,flat,8,512,100,256,0.46054687149524687,2.1713316535042853,0.999864,795.2087984085083
dot,flat,8,512,100,512,0.4580831331729889,2.1830098678231917,0.999855,808.1342535018921
dot,flat,16,64,1,128,0.4551650876045227,2.197005058676349,0.993,796.727046251297
dot,flat,16,64,1,256,0.45474156894683837,2.199051215651906,0.993,796.2217371463776
dot,flat,16,64,1,512,0.47573312814235685,2.1020188438522265,0.993,802.4661271572113
dot,flat,16,64,10,128,0.4743323527097702,2.1082264245463986,0.99912,802.839494228363
dot,flat,16,64,10,256,0.4563529252052307,2.1912864907139156,0.9992,800.5725333690643
dot,flat,16,64,10,512,0.4573800973653793,2.186365357304009,0.99918,790.8227450847626
dot,flat,16,64,100,128,0.4565492320537567,2.1903442822618837,0.999855,809.137335062027
dot,flat,16,64,100,256,0.45864395825862886,2.1803405059488457,0.999846,797.410314321518
dot,flat,16,64,100,512,0.4537050106048584,2.2040752837771103,0.999849,794.6925919055939
dot,flat,16,128,1,128,0.45554068365097045,2.1951936147292335,0.993,801.8673851490021
dot,flat,16,128,1,256,0.4538225805521011,2.2035042830690417,0.993,805.6027534008026
dot,flat,16,128,1,512,0.454844513130188,2.19855350813867,0.993,806.9880077838898
dot,flat,16,128,10,128,0.4736011142015457,2.1114815189696534,0.99921,801.0078155994415
dot,flat,16,128,10,256,0.47508675310611725,2.1048787268051568,0.9992,801.7978687286377
dot,flat,16,128,10,512,0.45823060450553893,2.1823073146305143,0.99925,806.0726153850555
dot,flat,16,128,100,128,0.47685620737075807,2.0970682242215104,0.999862,794.352338552475
dot,flat,16,128,100,256,0.4679337578296661,2.1370546220860875,0.999844,801.1921317577362
dot,flat,16,128,100,512,0.497464915060997,2.010192015003479,0.999845,791.665441274643
dot,flat,16,512,1,128,0.5014775659322739,1.994107150418476,0.993,817.8329629898071
dot,flat,16,512,1,256,0.4769177700281143,2.096797525370149,0.993,845.8808088302612
dot,flat,16,512,1,512,0.49875119643211363,2.0050077215927296,0.993,844.5083196163177
dot,flat,16,512,10,128,0.47366414155960085,2.111200558073427,0.99909,824.2513887882233
dot,flat,16,512,10,256,0.4668493904829025,2.1420184333230337,0.99914,793.8253273963928
dot,flat,16,512,10,512,0.4735734671831131,2.111604786366415,0.99917,787.8492465019226
dot,flat,16,512,100,128,0.4751350100517273,2.1046649454249464,0.999848,800.115359544754
dot,flat,16,512,100,256,0.4751378881454468,2.1046521966564056,0.999857,783.562849521637
dot,flat,16,512,100,512,0.44975007605552675,2.2234571003753176,0.99985,789.2693061828613
dot,flat,64,64,1,128,0.4572268233776092,2.187098282232955,0.993,801.7856607437134
dot,flat,64,64,1,256,0.47424375665187835,2.1086202738016357,0.993,787.9970936775208
dot,flat,64,64,1,512,0.47453477964401247,2.1073270978160594,0.993,807.1206479072571
dot,flat,64,64,10,128,0.47508423030376434,2.1048899041768014,0.99917,801.4901647567749
dot,flat,64,64,10,256,0.4541134592294693,2.202092846348972,0.99917,801.8578748703003
dot,flat,64,64,10,512,0.4549001142501831,2.198284785327678,0.9992,809.601124048233
dot,flat,64,64,100,128,0.45567247738838196,2.1945587008707417,0.999856,797.030891418457
dot,flat,64,64,100,256,0.45632913188934326,2.191400745903931,0.999853,796.5303010940552
dot,flat,64,64,100,512,0.45720581009387967,2.1871988017708404,0.999852,816.1981909275055
dot,flat,64,128,1,128,0.42386642880439757,2.359233786975547,0.993,798.6992936134338
dot,flat,64,128,1,256,0.4543577214717865,2.2009090035066023,0.993,804.8436965942383
dot,flat,64,128,1,512,0.47727769198417663,2.0952163002689708,0.993,809.5273087024689
dot,flat,64,128,10,128,0.4569113669395447,2.188608278008354,0.99916,802.0426135063171
dot,flat,64,128,10,256,0.45603416485786435,2.1928181637699833,0.99917,797.0054149627686
dot,flat,64,128,10,512,0.45572529916763305,2.1943043360253784,0.99919,799.084685087204
dot,flat,64,128,100,128,0.48029536490440367,2.0820521559666445,0.999842,793.0272586345673
dot,flat,64,128,100,256,0.4326019225358963,2.311593980299573,0.999855,790.7090349197388
dot,flat,64,128,100,512,0.4576258741617203,2.1851911276472324,0.99985,798.1746363639832
dot,flat,64,512,1,128,0.47114577224254606,2.1224853514873514,0.993,814.0541541576385
dot,flat,64,512,1,256,0.4539638554096222,2.202818546198302,0.993,794.8102617263794
dot,flat,64,512,1,512,0.47574720895290373,2.1019566298685195,0.993,801.7703874111176
dot,flat,64,512,10,128,0.4769038018703461,2.096858939010652,0.99911,792.5018889904022
dot,flat,64,512,10,256,0.45382196056842805,2.2035072933611777,0.99904,795.4556686878204
dot,flat,64,512,10,512,0.47715273113250734,2.0957650134927044,0.99905,807.8026087284088
dot,flat,64,512,100,128,0.47897185413837434,2.0878053508987637,0.999845,797.380800485611
dot,flat,64,512,100,256,0.4757425304174423,2.1019773008785774,0.99986,797.9867000579834
dot,flat,64,512,100,512,0.4921717111110687,2.031811210243104,0.999849,806.4135773181915
cosine,hnsw,8,64,1,128,0.008512966775894165,117.46786124335183,0.9113,1154.7233636379242
cosine,hnsw,8,64,1,256,0.009900798439979553,101.00195515161555,0.9749,1151.7259361743927
cosine,hnsw,8,64,1,512,0.012116198992729187,82.53413472328164,0.9329,1137.6768670082092
cosine,hnsw,8,64,10,128,0.009955384731292725,100.44815212984221,0.86395,1138.1457455158234
cosine,hnsw,8,64,10,256,0.010437465071678162,95.80870385027478,0.90092,1137.895988702774
cosine,hnsw,8,64,10,512,0.013339226341247559,74.966866474692,0.91806,1137.9264886379242
cosine,hnsw,8,64,100,128,0.012600170207023621,79.36400727686816,0.847982,1143.6711721420288
cosine,hnsw,8,64,100,256,0.013230582094192506,75.58246439050816,0.887613,1140.1872901916504
cosine,hnsw,8,64,100,512,0.014927672410011292,66.98968014124873,0.909358,1136.2016639709473
cosine,hnsw,8,128,1,128,0.008687851405143738,115.10325779834805,0.9635,1426.132447719574
cosine,hnsw,8,128,1,256,0.010214481782913207,97.90021865551718,0.9821,1420.5666608810425
cosine,hnsw,8,128,1,512,0.011953138947486877,83.6600331003638,0.9894,1426.6263482570648
cosine,hnsw,8,128,10,128,0.009395691871643066,106.43175762479805,0.90305,1473.7145476341248
cosine,hnsw,8,128,10,256,0.011591010403633117,86.2737557104217,0.98192,1521.320430278778
cosine,hnsw,8,128,10,512,0.018016675305366516,55.504136198876616,0.96171,1519.3223164081573
cosine,hnsw,8,128,100,128,0.012604921174049377,79.33409389808554,0.838684,1518.1602516174316
cosine,hnsw,8,128,100,256,0.016034003472328185,62.367455621786576,0.941191,1515.1203620433807
cosine,hnsw,8,128,100,512,0.0291278995513916,34.331346077174466,0.920173,1506.8707058429718
cosine,hnsw,8,512,1,128,0.008547991943359375,116.98653983604463,0.968,3289.943126440048
cosine,hnsw,8,512,1,256,0.009992143392562866,100.0786278491858,0.9838,3288.5423064231873
cosine,hnsw,8,512,1,512,0.011834008383750915,84.50222169633442,0.9897,3285.559715986252
cosine,hnsw,8,512,10,128,0.009362249088287353,106.81194129421856,0.95645,3325.879103899002
cosine,hnsw,8,512,10,256,0.010391851496696473,96.22924272136645,0.98482,3302.7434735298157
cosine,hnsw,8,512,10,512,0.012578978133201598,79.4977135193954,0.99496,3210.4969696998596
cosine,hnsw,8,512,100,128,0.011556477308273316,86.5315591702064,0.868507,3118.023890018463
cosine,hnsw,8,512,100,256,0.012496852564811707,80.02014865853283,0.946168,3160.1554419994354
cosine,hnsw,8,512,100,512,0.014603439593315124,68.47701828121097,0.982241,3287.090830564499
cosine,hnsw,16,64,1,128,0.010225225448608398,97.79735469168506,0.9574,1233.835109949112
cosine,hnsw,16,64,1,256,0.011650370764732361,85.83417817286715,0.9602,1230.5953178405762
cosine,hnsw,16,64,1,512,0.014055545258522035,71.14629718072935,0.988,1232.657180070877
cosine,hnsw,16,64,10,128,0.010020340919494629,99.79700371815638,0.97782,1218.9204585552216
cosine,hnsw,16,64,10,256,0.01200802869796753,83.27761576463082,0.94897,1228.4764065742493
cosine,hnsw,16,64,10,512,0.01442815556526184,69.30892832952706,0.91162,1220.8748216629028
cosine,hnsw,16,64,100,128,0.013505991291999817,74.04121462689993,0.922919,1231.740549325943
cosine,hnsw,16,64,100,256,0.013873249173164367,72.0811676859624,0.950463,1238.619725227356
cosine,hnsw,16,64,100,512,0.01888865258693695,52.941838778462255,0.965734,1228.2016170024872
cosine,hnsw,16,128,1,128,0.00978440318107605,102.20347439628136,0.9877,1635.7499084472656
cosine,hnsw,16,128,1,256,0.011716285634040832,85.35128207309758,0.9929,1647.381608247757
cosine,hnsw,16,128,1,512,0.014261285758018494,70.11990482258895,0.9933,1629.0792195796967
cosine,hnsw,16,128,10,128,0.011066430044174194,90.3633778922625,0.98756,1634.7094676494598
cosine,hnsw,16,128,10,256,0.012301504015922546,81.29087294575056,0.99641,1637.7440478801727
cosine,hnsw,16,128,10,512,0.015538353300094605,64.35688394303092,0.99874,1633.7374181747437
cosine,hnsw,16,128,100,128,0.017266607880592345,57.91525509327163,0.94347,1648.4600732326508
cosine,hnsw,16,128,100,256,0.019572765946388244,51.091399280975395,0.983641,1635.2402424812317
cosine,hnsw,16,128,100,512,0.016841328811645507,59.3777374210826,0.996283,1636.6734883785248
cosine,hnsw,16,512,1,128,0.009295076274871826,107.58384013516763,0.9891,3792.6138591766357
cosine,hnsw,16,512,1,256,0.01146301350593567,87.23709515671332,0.9933,3802.0657708644867
cosine,hnsw,16,512,1,512,0.014269380688667297,70.08012623800816,0.9928,3790.005478143692
cosine,hnsw,16,512,10,128,0.010140627384185792,98.61322797044,0.99026,3795.910855293274
cosine,hnsw,16,512,10,256,0.012232288789749145,81.75084950888473,0.9976,3783.0279643535614
cosine,hnsw,16,512,10,512,0.015075626158714295,66.33223651688665,0.99899,3793.561591386795
cosine,hnsw,16,512,100,128,0.012001301050186158,83.32429924207997,0.950949,3795.594027042389
cosine,hnsw,16,512,100,256,0.013986871457099915,71.49561666217983,0.987593,3808.576657295227
cosine,hnsw,16,512,100,512,0.017220563173294068,58.07011013152093,0.997664,3807.4690787792206
cosine,hnsw,64,64,1,128,0.011037857031822204,90.59729593498034,0.9846,1251.6531190872192
cosine,hnsw,64,64,1,256,0.015537477469444274,64.36051167035203,0.9852,1242.671695947647
cosine,hnsw,64,64,1,512,0.016415983057022094,60.916242208975746,0.9916,1236.2865335941315
cosine,hnsw,64,64,10,128,0.014768708658218384,67.71072699328572,0.98414,1239.2997541427612
cosine,hnsw,64,64,10,256,0.029331558084487914,34.09297239238215,0.99054,1237.8812263011932
cosine,hnsw,64,64,10,512,0.020539342522621153,48.6870501769296,0.99824,1239.5701067447662
cosine,hnsw,64,64,100,128,0.01801620659828186,55.50558018663964,0.940919,1245.3957076072693
cosine,hnsw,64,64,100,256,0.02461435375213623,40.62670139829334,0.980716,1243.98308801651
cosine,hnsw,64,64,100,512,0.02598773901462555,38.479684571143856,0.992738,1250.5950882434845
cosine,hnsw,64,128,1,128,0.013308026051521302,75.14262416744258,0.9906,1690.1740975379944
cosine,hnsw,64,128,1,256,0.016923297452926634,59.09013906903023,0.9926,1689.1099858283997
cosine,hnsw,64,128,1,512,0.01786766211986542,55.96703101343021,0.9928,1681.622765302658
cosine,hnsw,64,128,10,128,0.022579425716400148,44.28810602006005,0.99297,1683.3918917179108
cosine,hnsw,64,128,10,256,0.023163297724723815,43.17174574553906,0.99806,1692.4656479358673
cosine,hnsw,64,128,10,512,0.026430979871749877,37.83438997919355,0.99915,1688.2441675662994
cosine,hnsw,64,128,100,128,0.024821026945114136,40.28842167615647,0.968211,1701.7709639072418
cosine,hnsw,64,128,100,256,0.03339293308258057,29.946455962014618,0.992046,1698.0340967178345
cosine,hnsw,64,128,100,512,0.03395401792526245,29.451595454804202,0.99835,1704.2810547351837
cosine,hnsw,64,512,1,128,0.023601342582702637,42.37047093807695,0.9918,4319.196773529053
cosine,hnsw,64,512,1,256,0.024278120613098145,41.18934970034278,0.9925,4334.539201974869
cosine,hnsw,64,512,1,512,0.038667873334884646,25.861261914754415,0.9928,4113.568555355072
cosine,hnsw,64,512,10,128,0.03976083397865295,25.15037789541553,0.99786,3889.3291912078857
cosine,hnsw,64,512,10,256,0.04696220030784607,21.293721193743302,0.99927,3832.2154154777527
cosine,hnsw,64,512,10,512,0.043248674750328064,23.122095781499397,0.99916,3865.475973367691
cosine,hnsw,64,512,100,128,0.06541218724250794,15.287671031280738,0.986759,3856.722287416458
cosine,hnsw,64,512,100,256,0.07088953742980957,14.106454016435613,0.997968,3837.2533202171326
cosine,hnsw,64,512,100,512,0.06440602145195007,15.526498570417784,0.999655,3841.7778601646423
cosine,flat,8,64,1,128,0.47065233759880065,2.1247105774548016,0.9933,797.7904152870178
cosine,flat,8,64,1,256,0.4862427225828171,2.0565860496342534,0.9933,792.5217463970184
cosine,flat,8,64,1,512,0.4734455708026886,2.112175214364306,0.9933,782.8654963970184
cosine,flat,8,64,10,128,0.4954607140779495,2.0183234948526567,0.99931,791.2527251243591
cosine,flat,8,64,10,256,0.47549236211776735,2.1030832031584255,0.99934,792.3391721248627
cosine,flat,8,64,10,512,0.4750236425876617,2.105158376018007,0.99923,789.3792178630829
cosine,flat,8,64,100,128,0.4786362847566605,2.089269100248849,0.999919,845.5760471820831
cosine,flat,8,64,100,256,0.48507783255577086,2.061524837635261,0.999903,806.2102007865906
cosine,flat,8,64,100,512,0.45864941062927245,2.180314586315478,0.999911,817.6740095615387
cosine,flat,8,128,1,128,0.45321053478717804,2.206480042370567,0.9933,807.5199446678162
